return,params,run_time
-0.012667839224190331,"{'bagging_temperature': 0.11841717157293417, 'depth': 7.0, 'eval_metric': 'Accuracy', 'iterations': 650.0, 'l2_leaf_reg': 14.978648177321137, 'learning_rate': 0.09090097049638407, 'loss_function': 'Logloss', 'random_strength': 0.16301010339887684, 'rsm': 0.45, 'use_best_model': True, 'nan_mode': 'Forbidden', 'early_stopping_rounds': 200}",24.85247015801724
-0.007758042730732189,"{'bagging_temperature': 2.0071825700575596, 'depth': 8.0, 'eval_metric': 'Logloss', 'iterations': 1850.0, 'l2_leaf_reg': 8.011275572203612, 'learning_rate': 0.04207991951015142, 'loss_function': 'Logloss', 'random_strength': 0.7454764545000381, 'rsm': 0.35000000000000003, 'use_best_model': True, 'nan_mode': 'Forbidden', 'early_stopping_rounds': 200}",24.17640569503419
-0.003914833804476904,"{'bagging_temperature': 0.1361995768654472, 'depth': 4.0, 'eval_metric': 'Logloss', 'iterations': 1800.0, 'l2_leaf_reg': 46.64023825185576, 'learning_rate': 0.4549444538659537, 'loss_function': 'Logloss', 'random_strength': 0.14063341502870927, 'rsm': 0.2, 'use_best_model': True, 'nan_mode': 'Forbidden', 'early_stopping_rounds': 200}",14.248803174006753
-0.0032392052410320856,"{'bagging_temperature': 5.047411870900727, 'depth': 8.0, 'eval_metric': 'Logloss', 'iterations': 800.0, 'l2_leaf_reg': 5.065025028069962, 'learning_rate': 0.5638534962110345, 'loss_function': 'Logloss', 'random_strength': 0.5961475005376006, 'rsm': 0.8, 'use_best_model': True, 'nan_mode': 'Forbidden', 'early_stopping_rounds': 200}",18.087726415949874
-0.01191809126744111,"{'bagging_temperature': 0.11139516864047928, 'depth': 7.0, 'eval_metric': 'Logloss', 'iterations': 250.0, 'l2_leaf_reg': 53.352383469498236, 'learning_rate': 0.21493877080048923, 'loss_function': 'Logloss', 'random_strength': 1.3260766224978746, 'rsm': 0.4, 'use_best_model': True, 'nan_mode': 'Forbidden', 'early_stopping_rounds': 200}",16.956852751085535
-0.019632488703531303,"{'bagging_temperature': 1.4912935493575112, 'depth': 5.0, 'eval_metric': 'Accuracy', 'iterations': 1500.0, 'l2_leaf_reg': 2.633143689048, 'learning_rate': 0.023526117732196702, 'loss_function': 'Logloss', 'random_strength': 0.28273861523598165, 'rsm': 0.8500000000000001, 'use_best_model': True, 'nan_mode': 'Forbidden', 'early_stopping_rounds': 200}",54.122949564945884
-0.013698130392172254,"{'bagging_temperature': 1.5660008464491895, 'depth': 5.0, 'eval_metric': 'Accuracy', 'iterations': 400.0, 'l2_leaf_reg': 58.926895222291506, 'learning_rate': 0.0991574518705863, 'loss_function': 'Logloss', 'random_strength': 0.2863963972453619, 'rsm': 0.45, 'use_best_model': True, 'nan_mode': 'Forbidden', 'early_stopping_rounds': 200}",20.36229469103273
-0.009162250999587972,"{'bagging_temperature': 0.3826736522896468, 'depth': 3.0, 'eval_metric': 'Logloss', 'iterations': 700.0, 'l2_leaf_reg': 1.0476370560962582, 'learning_rate': 0.027260407076954804, 'loss_function': 'Logloss', 'random_strength': 0.18962808018979616, 'rsm': 0.75, 'use_best_model': True, 'nan_mode': 'Forbidden', 'early_stopping_rounds': 200}",26.409150345018134
-0.035204909205187894,"{'bagging_temperature': 4.184429620958705, 'depth': 7.0, 'eval_metric': 'Accuracy', 'iterations': 1550.0, 'l2_leaf_reg': 21.426379494195448, 'learning_rate': 0.9584940092799452, 'loss_function': 'Logloss', 'random_strength': 0.10540998260876323, 'rsm': 0.30000000000000004, 'use_best_model': True, 'nan_mode': 'Forbidden', 'early_stopping_rounds': 200}",15.767118367017247
-0.029544908191888705,"{'bagging_temperature': 5.775037845340544, 'depth': 6.0, 'eval_metric': 'Accuracy', 'iterations': 2000.0, 'l2_leaf_reg': 7.60921665947825, 'learning_rate': 0.28951413487361166, 'loss_function': 'Logloss', 'random_strength': 0.3944464142420641, 'rsm': 0.30000000000000004, 'use_best_model': True, 'nan_mode': 'Forbidden', 'early_stopping_rounds': 200}",16.556596470065415
-0.018985458880972556,"{'bagging_temperature': 0.7116103085494845, 'depth': 4.0, 'eval_metric': 'Logloss', 'iterations': 1450.0, 'l2_leaf_reg': 4.960649937878201, 'learning_rate': 0.025954070070759585, 'loss_function': 'Logloss', 'random_strength': 0.17782891185374963, 'rsm': 0.45, 'use_best_model': True, 'nan_mode': 'Forbidden', 'early_stopping_rounds': 200}",45.365036242990755
-0.021076226068990133,"{'bagging_temperature': 5.951217521221016, 'depth': 7.0, 'eval_metric': 'Logloss', 'iterations': 500.0, 'l2_leaf_reg': 30.47828016934026, 'learning_rate': 0.03216845556123594, 'loss_function': 'Logloss', 'random_strength': 0.15037252426162886, 'rsm': 0.8, 'use_best_model': True, 'nan_mode': 'Forbidden', 'early_stopping_rounds': 200}",27.61247930501122
-0.024977383551975638,"{'bagging_temperature': 6.503955956670031, 'depth': 4.0, 'eval_metric': 'Accuracy', 'iterations': 900.0, 'l2_leaf_reg': 1.2215341368928851, 'learning_rate': 0.06602451344057499, 'loss_function': 'Logloss', 'random_strength': 1.5376332672886006, 'rsm': 0.9, 'use_best_model': True, 'nan_mode': 'Forbidden', 'early_stopping_rounds': 200}",33.84045017103199
-0.010056246863664438,"{'bagging_temperature': 1.6103402225112142, 'depth': 5.0, 'eval_metric': 'Logloss', 'iterations': 200.0, 'l2_leaf_reg': 57.95141643505573, 'learning_rate': 0.04964206871683232, 'loss_function': 'Logloss', 'random_strength': 5.199140516220625, 'rsm': 0.2, 'use_best_model': True, 'nan_mode': 'Forbidden', 'early_stopping_rounds': 200}",14.239254276035354
0.00027699045611779383,"{'bagging_temperature': 0.27385737308270286, 'depth': 7.0, 'eval_metric': 'Logloss', 'iterations': 350.0, 'l2_leaf_reg': 7.488307791024602, 'learning_rate': 0.21531391092250782, 'loss_function': 'Logloss', 'random_strength': 0.315559449496299, 'rsm': 0.6000000000000001, 'use_best_model': True, 'nan_mode': 'Forbidden', 'early_stopping_rounds': 200}",16.94773155602161
-0.00922545717518785,"{'bagging_temperature': 0.16486433660220717, 'depth': 4.0, 'eval_metric': 'Accuracy', 'iterations': 900.0, 'l2_leaf_reg': 1.465070265723248, 'learning_rate': 0.0851594367936082, 'loss_function': 'Logloss', 'random_strength': 0.3357052869113014, 'rsm': 0.25, 'use_best_model': True, 'nan_mode': 'Forbidden', 'early_stopping_rounds': 200}",24.030035499017686
-0.025759634440644455,"{'bagging_temperature': 5.991557789317176, 'depth': 3.0, 'eval_metric': 'Accuracy', 'iterations': 1600.0, 'l2_leaf_reg': 43.85141935731748, 'learning_rate': 0.022588665340647296, 'loss_function': 'Logloss', 'random_strength': 0.45593760197643424, 'rsm': 0.9500000000000001, 'use_best_model': True, 'nan_mode': 'Forbidden', 'early_stopping_rounds': 200}",14.255690907943062
-0.028258748253374422,"{'bagging_temperature': 8.480613993418066, 'depth': 4.0, 'eval_metric': 'Logloss', 'iterations': 550.0, 'l2_leaf_reg': 54.998240595954236, 'learning_rate': 0.7104716692436738, 'loss_function': 'Logloss', 'random_strength': 2.6324774169822307, 'rsm': 0.25, 'use_best_model': True, 'nan_mode': 'Forbidden', 'early_stopping_rounds': 200}",16.15594872494694
-0.007418144517380163,"{'bagging_temperature': 0.35350910488336446, 'depth': 6.0, 'eval_metric': 'Logloss', 'iterations': 1200.0, 'l2_leaf_reg': 6.3433088308904475, 'learning_rate': 0.03921274591963785, 'loss_function': 'Logloss', 'random_strength': 1.0682773236619083, 'rsm': 0.4, 'use_best_model': True, 'nan_mode': 'Forbidden', 'early_stopping_rounds': 200}",34.2053506099619
-0.03374781371441267,"{'bagging_temperature': 0.6633683633842673, 'depth': 5.0, 'eval_metric': 'Logloss', 'iterations': 800.0, 'l2_leaf_reg': 94.08562669588312, 'learning_rate': 0.2005453269573903, 'loss_function': 'Logloss', 'random_strength': 0.41929401174454484, 'rsm': 0.45, 'use_best_model': True, 'nan_mode': 'Forbidden', 'early_stopping_rounds': 200}",18.584594015032053
-0.021478526569769563,"{'bagging_temperature': 0.2376629247036715, 'depth': 8.0, 'eval_metric': 'Logloss', 'iterations': 1000.0, 'l2_leaf_reg': 4.067950141526792, 'learning_rate': 0.012718727521334953, 'loss_function': 'Logloss', 'random_strength': 0.6999035673464564, 'rsm': 0.65, 'use_best_model': True, 'nan_mode': 'Forbidden', 'early_stopping_rounds': 200}",51.4062916750554
-0.024988755844089695,"{'bagging_temperature': 3.386102535832804, 'depth': 8.0, 'eval_metric': 'Logloss', 'iterations': 1200.0, 'l2_leaf_reg': 12.186884719428104, 'learning_rate': 0.4803353785093272, 'loss_function': 'Logloss', 'random_strength': 0.6610711539486263, 'rsm': 0.6000000000000001, 'use_best_model': True, 'nan_mode': 'Forbidden', 'early_stopping_rounds': 200}",17.59812871098984
-0.02305352908073774,"{'bagging_temperature': 0.5039581041178367, 'depth': 6.0, 'eval_metric': 'Logloss', 'iterations': 400.0, 'l2_leaf_reg': 2.398082109607348, 'learning_rate': 0.15672675391620394, 'loss_function': 'Logloss', 'random_strength': 2.7495723280081905, 'rsm': 0.7000000000000001, 'use_best_model': True, 'nan_mode': 'Forbidden', 'early_stopping_rounds': 200}",17.0242289530579
-0.027976812607793805,"{'bagging_temperature': 2.697393743558742, 'depth': 8.0, 'eval_metric': 'Logloss', 'iterations': 250.0, 'l2_leaf_reg': 3.3213902260201964, 'learning_rate': 0.38601265497396464, 'loss_function': 'Logloss', 'random_strength': 0.5292712386105791, 'rsm': 0.55, 'use_best_model': True, 'nan_mode': 'Forbidden', 'early_stopping_rounds': 200}",17.43525211198721
-0.016525340189573568,"{'bagging_temperature': 0.2527586347711142, 'depth': 7.0, 'eval_metric': 'Logloss', 'iterations': 1100.0, 'l2_leaf_reg': 17.772775288360027, 'learning_rate': 0.7933479199064374, 'loss_function': 'Logloss', 'random_strength': 2.194038605559243, 'rsm': 0.05, 'use_best_model': True, 'nan_mode': 'Forbidden', 'early_stopping_rounds': 200}",14.391233046888374
-0.0027441048053493504,"{'bagging_temperature': 0.19666740046490186, 'depth': 6.0, 'eval_metric': 'Logloss', 'iterations': 400.0, 'l2_leaf_reg': 2.083991834081371, 'learning_rate': 0.1393534018211888, 'loss_function': 'Logloss', 'random_strength': 0.23961993537392717, 'rsm': 1.0, 'use_best_model': True, 'nan_mode': 'Forbidden', 'early_stopping_rounds': 200}",18.150715093011968
-0.0059627025008767475,"{'bagging_temperature': 0.1912780189173228, 'depth': 6.0, 'eval_metric': 'Logloss', 'iterations': 400.0, 'l2_leaf_reg': 1.5017914031066064, 'learning_rate': 0.17686581933102788, 'loss_function': 'Logloss', 'random_strength': 0.21673741966292603, 'rsm': 1.0, 'use_best_model': True, 'nan_mode': 'Forbidden', 'early_stopping_rounds': 200}",16.99650050094351
-0.018743633361580248,"{'bagging_temperature': 1.0062491281236543, 'depth': 6.0, 'eval_metric': 'Logloss', 'iterations': 200.0, 'l2_leaf_reg': 2.078232815521171, 'learning_rate': 0.13227769564023678, 'loss_function': 'Logloss', 'random_strength': 9.891642657560997, 'rsm': 0.1, 'use_best_model': True, 'nan_mode': 'Forbidden', 'early_stopping_rounds': 200}",13.942349291988648
-0.015570074484716716,"{'bagging_temperature': 0.10424113462435505, 'depth': 7.0, 'eval_metric': 'Logloss', 'iterations': 550.0, 'l2_leaf_reg': 10.48892054405983, 'learning_rate': 0.27658147957493134, 'loss_function': 'Logloss', 'random_strength': 0.10036143275593314, 'rsm': 0.55, 'use_best_model': True, 'nan_mode': 'Forbidden', 'early_stopping_rounds': 200}",16.472894159029238
-0.013362640699350252,"{'bagging_temperature': 0.3196296726092886, 'depth': 7.0, 'eval_metric': 'Logloss', 'iterations': 650.0, 'l2_leaf_reg': 3.3493698865748645, 'learning_rate': 0.12043027922703463, 'loss_function': 'Logloss', 'random_strength': 0.22733666013712903, 'rsm': 0.65, 'use_best_model': True, 'nan_mode': 'Forbidden', 'early_stopping_rounds': 200}",18.000245462055318
0.0021194359924728403,"{'bagging_temperature': 0.9243721688320052, 'depth': 2.0, 'eval_metric': 'Logloss', 'iterations': 350.0, 'l2_leaf_reg': 15.073516248900003, 'learning_rate': 0.06964784871693294, 'loss_function': 'Logloss', 'random_strength': 0.10100408591618538, 'rsm': 0.9500000000000001, 'use_best_model': True, 'nan_mode': 'Forbidden', 'early_stopping_rounds': 200}",17.175696324091405
0.0004740268760304725,"{'bagging_temperature': 0.7344716760823629, 'depth': 2.0, 'eval_metric': 'Logloss', 'iterations': 1350.0, 'l2_leaf_reg': 14.455656054436224, 'learning_rate': 0.01230148379134969, 'loss_function': 'Logloss', 'random_strength': 0.11389870039295515, 'rsm': 0.9, 'use_best_model': True, 'nan_mode': 'Forbidden', 'early_stopping_rounds': 200}",40.06262117403094
0.0017486592522362066,"{'bagging_temperature': 0.728699030692333, 'depth': 3.0, 'eval_metric': 'Logloss', 'iterations': 1350.0, 'l2_leaf_reg': 14.731302049194142, 'learning_rate': 0.011710783839814224, 'loss_function': 'Logloss', 'random_strength': 0.11967944886265017, 'rsm': 0.9, 'use_best_model': True, 'nan_mode': 'Forbidden', 'early_stopping_rounds': 200}",42.79668234405108
-0.0017325345874493231,"{'bagging_temperature': 1.0650973136810575, 'depth': 2.0, 'eval_metric': 'Logloss', 'iterations': 1700.0, 'l2_leaf_reg': 21.88125230497736, 'learning_rate': 0.016479022799190803, 'loss_function': 'Logloss', 'random_strength': 0.13556644593790879, 'rsm': 0.9, 'use_best_model': True, 'nan_mode': 'Forbidden', 'early_stopping_rounds': 200}",48.114923710003495
-0.017766650772625694,"{'bagging_temperature': 2.294090288336533, 'depth': 3.0, 'eval_metric': 'Logloss', 'iterations': 1950.0, 'l2_leaf_reg': 30.670840983235074, 'learning_rate': 0.06079550432699585, 'loss_function': 'Logloss', 'random_strength': 0.10055860340775327, 'rsm': 0.8, 'use_best_model': True, 'nan_mode': 'Forbidden', 'early_stopping_rounds': 200}",43.38093497394584
0.009588481752078024,"{'bagging_temperature': 0.5198118537652311, 'depth': 2.0, 'eval_metric': 'Accuracy', 'iterations': 1350.0, 'l2_leaf_reg': 33.82980971315543, 'learning_rate': 0.0100679276835788, 'loss_function': 'Logloss', 'random_strength': 8.649719848091936, 'rsm': 0.9500000000000001, 'use_best_model': True, 'nan_mode': 'Forbidden', 'early_stopping_rounds': 200}",14.001606255071238
0.009588481752078024,"{'bagging_temperature': 0.4930820115001293, 'depth': 2.0, 'eval_metric': 'Accuracy', 'iterations': 1700.0, 'l2_leaf_reg': 75.88961401435995, 'learning_rate': 0.015305459154841857, 'loss_function': 'Logloss', 'random_strength': 3.9359344788265553, 'rsm': 1.0, 'use_best_model': True, 'nan_mode': 'Forbidden', 'early_stopping_rounds': 200}",14.120275506051257
0.009588481752078024,"{'bagging_temperature': 0.44608646625839654, 'depth': 2.0, 'eval_metric': 'Accuracy', 'iterations': 1850.0, 'l2_leaf_reg': 79.65894737994934, 'learning_rate': 0.017567802284514985, 'loss_function': 'Logloss', 'random_strength': 9.17548046679581, 'rsm': 0.75, 'use_best_model': True, 'nan_mode': 'Forbidden', 'early_stopping_rounds': 200}",13.95953254099004
-0.011093019303841309,"{'bagging_temperature': 0.13454218122206918, 'depth': 3.0, 'eval_metric': 'Accuracy', 'iterations': 1900.0, 'l2_leaf_reg': 99.06230591933911, 'learning_rate': 0.01873397808978198, 'loss_function': 'Logloss', 'random_strength': 9.630767009136017, 'rsm': 0.75, 'use_best_model': True, 'nan_mode': 'Forbidden', 'early_stopping_rounds': 200}",57.48031677398831
0.009588481752078024,"{'bagging_temperature': 0.5456850828797805, 'depth': 2.0, 'eval_metric': 'Accuracy', 'iterations': 1750.0, 'l2_leaf_reg': 38.48213454821496, 'learning_rate': 0.014784162413979037, 'loss_function': 'Logloss', 'random_strength': 6.366771776697639, 'rsm': 1.0, 'use_best_model': True, 'nan_mode': 'Forbidden', 'early_stopping_rounds': 200}",14.113240735023282
-0.011090819480591865,"{'bagging_temperature': 1.3879362546336005, 'depth': 3.0, 'eval_metric': 'Accuracy', 'iterations': 1800.0, 'l2_leaf_reg': 39.93515950349481, 'learning_rate': 0.03738521447334284, 'loss_function': 'Logloss', 'random_strength': 7.3592298848523185, 'rsm': 0.75, 'use_best_model': True, 'nan_mode': 'Forbidden', 'early_stopping_rounds': 200}",42.428512747981586
0.009588481752078024,"{'bagging_temperature': 0.5986949736904644, 'depth': 2.0, 'eval_metric': 'Accuracy', 'iterations': 1700.0, 'l2_leaf_reg': 30.12465116682427, 'learning_rate': 0.010421252496085026, 'loss_function': 'Logloss', 'random_strength': 6.085057634387458, 'rsm': 0.8500000000000001, 'use_best_model': True, 'nan_mode': 'Forbidden', 'early_stopping_rounds': 200}",13.813527176971547
-0.007788656439216297,"{'bagging_temperature': 1.208188918001171, 'depth': 4.0, 'eval_metric': 'Accuracy', 'iterations': 1650.0, 'l2_leaf_reg': 77.64571012035996, 'learning_rate': 0.03040618144184886, 'loss_function': 'Logloss', 'random_strength': 4.061384529885167, 'rsm': 0.8500000000000001, 'use_best_model': True, 'nan_mode': 'Forbidden', 'early_stopping_rounds': 200}",54.16055436001625
-0.00904966253428952,"{'bagging_temperature': 2.0500171290458886, 'depth': 3.0, 'eval_metric': 'Accuracy', 'iterations': 1450.0, 'l2_leaf_reg': 25.543605245765203, 'learning_rate': 0.022105091475051478, 'loss_function': 'Logloss', 'random_strength': 1.5852974296730125, 'rsm': 0.9500000000000001, 'use_best_model': True, 'nan_mode': 'Forbidden', 'early_stopping_rounds': 200}",46.134698419016786
0.009588481752078024,"{'bagging_temperature': 0.40955825274177426, 'depth': 2.0, 'eval_metric': 'Accuracy', 'iterations': 1550.0, 'l2_leaf_reg': 74.46482387782955, 'learning_rate': 0.011350286752026942, 'loss_function': 'Logloss', 'random_strength': 4.62828669229834, 'rsm': 0.8500000000000001, 'use_best_model': True, 'nan_mode': 'Forbidden', 'early_stopping_rounds': 200}",14.199812334030867
-0.017085458002258996,"{'bagging_temperature': 0.4085606577051431, 'depth': 4.0, 'eval_metric': 'Accuracy', 'iterations': 1300.0, 'l2_leaf_reg': 67.4486822050843, 'learning_rate': 0.05251594505843772, 'loss_function': 'Logloss', 'random_strength': 4.5645091591552465, 'rsm': 0.5, 'use_best_model': True, 'nan_mode': 'Forbidden', 'early_stopping_rounds': 200}",32.21920311707072
-0.0104543537090083,"{'bagging_temperature': 0.8702941655581047, 'depth': 3.0, 'eval_metric': 'Accuracy', 'iterations': 1550.0, 'l2_leaf_reg': 47.76619725616218, 'learning_rate': 0.010117082245384186, 'loss_function': 'Logloss', 'random_strength': 0.9215043164363427, 'rsm': 0.7000000000000001, 'use_best_model': True, 'nan_mode': 'Forbidden', 'early_stopping_rounds': 200}",14.450067679979838
-0.00755140625255532,"{'bagging_temperature': 1.761032409013723, 'depth': 5.0, 'eval_metric': 'Accuracy', 'iterations': 1150.0, 'l2_leaf_reg': 34.83380170162775, 'learning_rate': 0.014483808686892322, 'loss_function': 'Logloss', 'random_strength': 3.4662552924985714, 'rsm': 0.35000000000000003, 'use_best_model': True, 'nan_mode': 'Forbidden', 'early_stopping_rounds': 200}",40.29929304309189
-0.008750878735885386,"{'bagging_temperature': 0.30804813339465825, 'depth': 2.0, 'eval_metric': 'Accuracy', 'iterations': 950.0, 'l2_leaf_reg': 20.987044907704668, 'learning_rate': 0.043829658894706455, 'loss_function': 'Logloss', 'random_strength': 1.9414137162484906, 'rsm': 0.8, 'use_best_model': True, 'nan_mode': 'Forbidden', 'early_stopping_rounds': 200}",32.21561178797856
-0.009580052916134294,"{'bagging_temperature': 0.16682413449496045, 'depth': 4.0, 'eval_metric': 'Accuracy', 'iterations': 1450.0, 'l2_leaf_reg': 97.94206124794557, 'learning_rate': 0.02095212174051094, 'loss_function': 'Logloss', 'random_strength': 8.118484917439098, 'rsm': 0.9500000000000001, 'use_best_model': True, 'nan_mode': 'Forbidden', 'early_stopping_rounds': 200}",49.25868656800594
-0.009876484568718534,"{'bagging_temperature': 1.2075401672366421, 'depth': 3.0, 'eval_metric': 'Accuracy', 'iterations': 1250.0, 'l2_leaf_reg': 8.64344233455386, 'learning_rate': 0.08972402007939538, 'loss_function': 'Logloss', 'random_strength': 3.3407641391916214, 'rsm': 0.15000000000000002, 'use_best_model': True, 'nan_mode': 'Forbidden', 'early_stopping_rounds': 200}",26.39036414900329
-0.003924779000443686,"{'bagging_temperature': 0.5715510665278275, 'depth': 2.0, 'eval_metric': 'Accuracy', 'iterations': 1800.0, 'l2_leaf_reg': 24.640144875536006, 'learning_rate': 0.027540181621168072, 'loss_function': 'Logloss', 'random_strength': 6.419858577955962, 'rsm': 0.7000000000000001, 'use_best_model': True, 'nan_mode': 'Forbidden', 'early_stopping_rounds': 200}",51.57833745190874
-0.017311634230844516,"{'bagging_temperature': 3.54530745288245, 'depth': 5.0, 'eval_metric': 'Accuracy', 'iterations': 2000.0, 'l2_leaf_reg': 66.40643412780638, 'learning_rate': 0.01019729224982364, 'loss_function': 'Logloss', 'random_strength': 5.564798593947021, 'rsm': 0.8500000000000001, 'use_best_model': True, 'nan_mode': 'Forbidden', 'early_stopping_rounds': 200}",15.405359875992872
-0.02004719884534527,"{'bagging_temperature': 0.21103952238712298, 'depth': 3.0, 'eval_metric': 'Accuracy', 'iterations': 1050.0, 'l2_leaf_reg': 52.593915794781495, 'learning_rate': 0.10902491129197364, 'loss_function': 'Logloss', 'random_strength': 1.2298916542478755, 'rsm': 1.0, 'use_best_model': True, 'nan_mode': 'Forbidden', 'early_stopping_rounds': 200}",27.10175381496083
-0.01149716822447163,"{'bagging_temperature': 0.4802289785928738, 'depth': 2.0, 'eval_metric': 'Accuracy', 'iterations': 1400.0, 'l2_leaf_reg': 46.190341279717934, 'learning_rate': 0.03239811736743681, 'loss_function': 'Logloss', 'random_strength': 0.8600418449444769, 'rsm': 0.5, 'use_best_model': True, 'nan_mode': 'Forbidden', 'early_stopping_rounds': 200}",40.84989286295604
-0.017672083171322007,"{'bagging_temperature': 0.13110618402705296, 'depth': 4.0, 'eval_metric': 'Accuracy', 'iterations': 1900.0, 'l2_leaf_reg': 86.24189546660389, 'learning_rate': 0.017909880857324912, 'loss_function': 'Logloss', 'random_strength': 2.728904055392123, 'rsm': 0.65, 'use_best_model': True, 'nan_mode': 'Forbidden', 'early_stopping_rounds': 200}",59.99616397195496
-0.020030367950205692,"{'bagging_temperature': 0.36276025420001173, 'depth': 5.0, 'eval_metric': 'Accuracy', 'iterations': 1600.0, 'l2_leaf_reg': 5.619160223839277, 'learning_rate': 0.0807854923219809, 'loss_function': 'Logloss', 'random_strength': 2.19058026457447, 'rsm': 0.6000000000000001, 'use_best_model': True, 'nan_mode': 'Forbidden', 'early_stopping_rounds': 200}",23.832262909039855
-0.014565215478566644,"{'bagging_temperature': 0.27842982423778284, 'depth': 4.0, 'eval_metric': 'Accuracy', 'iterations': 1500.0, 'l2_leaf_reg': 9.672578535594969, 'learning_rate': 0.014276475637261065, 'loss_function': 'Logloss', 'random_strength': 1.5769677965862223, 'rsm': 0.8, 'use_best_model': True, 'nan_mode': 'Forbidden', 'early_stopping_rounds': 200}",50.41200056695379
-0.005546372904372363,"{'bagging_temperature': 0.11389560104856358, 'depth': 2.0, 'eval_metric': 'Accuracy', 'iterations': 800.0, 'l2_leaf_reg': 58.85704080831579, 'learning_rate': 0.03636097814142054, 'loss_function': 'Logloss', 'random_strength': 4.667692557918817, 'rsm': 0.8500000000000001, 'use_best_model': True, 'nan_mode': 'Forbidden', 'early_stopping_rounds': 200}",27.992926636943594
-0.009117331185577343,"{'bagging_temperature': 0.805305016891019, 'depth': 3.0, 'eval_metric': 'Accuracy', 'iterations': 1100.0, 'l2_leaf_reg': 17.489278576607642, 'learning_rate': 0.9734056402442575, 'loss_function': 'Logloss', 'random_strength': 7.512099697682699, 'rsm': 0.4, 'use_best_model': True, 'nan_mode': 'Forbidden', 'early_stopping_rounds': 200}",14.397774770040996
-0.007595337728063236,"{'bagging_temperature': 0.1710081766064541, 'depth': 2.0, 'eval_metric': 'Accuracy', 'iterations': 1250.0, 'l2_leaf_reg': 12.012147291876012, 'learning_rate': 0.33208253394997167, 'loss_function': 'Logloss', 'random_strength': 3.1101220945710195, 'rsm': 0.9500000000000001, 'use_best_model': True, 'nan_mode': 'Forbidden', 'early_stopping_rounds': 200}",18.317439518054016
-0.010156695166317183,"{'bagging_temperature': 0.44066735098191356, 'depth': 3.0, 'eval_metric': 'Accuracy', 'iterations': 850.0, 'l2_leaf_reg': 33.92857124385033, 'learning_rate': 0.02552468403195064, 'loss_function': 'Logloss', 'random_strength': 9.360320093278713, 'rsm': 0.75, 'use_best_model': True, 'nan_mode': 'Forbidden', 'early_stopping_rounds': 200}",30.633348823990673
-0.030852097632181975,"{'bagging_temperature': 4.854061124531603, 'depth': 4.0, 'eval_metric': 'Accuracy', 'iterations': 1000.0, 'l2_leaf_reg': 6.439060024511347, 'learning_rate': 0.05102308995993049, 'loss_function': 'Logloss', 'random_strength': 1.1784885401801117, 'rsm': 0.30000000000000004, 'use_best_model': True, 'nan_mode': 'Forbidden', 'early_stopping_rounds': 200}",33.81680081994273
-0.007760867666890136,"{'bagging_temperature': 2.9550238825637836, 'depth': 2.0, 'eval_metric': 'Accuracy', 'iterations': 700.0, 'l2_leaf_reg': 27.597592776588062, 'learning_rate': 0.244568175910018, 'loss_function': 'Logloss', 'random_strength': 8.571333015513027, 'rsm': 0.65, 'use_best_model': True, 'nan_mode': 'Forbidden', 'early_stopping_rounds': 200}",19.673998494050466
-0.007152734344535386,"{'bagging_temperature': 0.5753625185052242, 'depth': 3.0, 'eval_metric': 'Accuracy', 'iterations': 1750.0, 'l2_leaf_reg': 38.073031981221256, 'learning_rate': 0.013812605331646001, 'loss_function': 'Logloss', 'random_strength': 6.387159191624846, 'rsm': 0.9, 'use_best_model': True, 'nan_mode': 'Forbidden', 'early_stopping_rounds': 200}",54.016391603974625
0.009588481752078024,"{'bagging_temperature': 0.6559952787135871, 'depth': 2.0, 'eval_metric': 'Accuracy', 'iterations': 1850.0, 'l2_leaf_reg': 80.19171789294896, 'learning_rate': 0.018293989898473154, 'loss_function': 'Logloss', 'random_strength': 3.871422474803585, 'rsm': 0.8, 'use_best_model': True, 'nan_mode': 'Forbidden', 'early_stopping_rounds': 200}",13.735076816985384
0.009588481752078024,"{'bagging_temperature': 0.5993345476601228, 'depth': 2.0, 'eval_metric': 'Accuracy', 'iterations': 1950.0, 'l2_leaf_reg': 68.68035214783934, 'learning_rate': 0.011962619857248528, 'loss_function': 'Logloss', 'random_strength': 1.8639307781767156, 'rsm': 0.8500000000000001, 'use_best_model': True, 'nan_mode': 'Forbidden', 'early_stopping_rounds': 200}",13.990213428041898
0.009588481752078024,"{'bagging_temperature': 0.6368479562550844, 'depth': 2.0, 'eval_metric': 'Accuracy', 'iterations': 2000.0, 'l2_leaf_reg': 64.3015170498132, 'learning_rate': 0.010785386883512414, 'loss_function': 'Logloss', 'random_strength': 2.0723450830625905, 'rsm': 0.8500000000000001, 'use_best_model': True, 'nan_mode': 'Forbidden', 'early_stopping_rounds': 200}",13.905734739033505
-0.007908037880967026,"{'bagging_temperature': 0.3240472595122284, 'depth': 2.0, 'eval_metric': 'Accuracy', 'iterations': 1600.0, 'l2_leaf_reg': 90.6217219555968, 'learning_rate': 0.020340636848055954, 'loss_function': 'Logloss', 'random_strength': 2.3035319811727306, 'rsm': 0.7000000000000001, 'use_best_model': True, 'nan_mode': 'Forbidden', 'early_stopping_rounds': 200}",46.56252600403968
-0.004014806975883795,"{'bagging_temperature': 0.23022381902286226, 'depth': 3.0, 'eval_metric': 'Accuracy', 'iterations': 1500.0, 'l2_leaf_reg': 16.94650897975657, 'learning_rate': 0.024731778146068462, 'loss_function': 'Logloss', 'random_strength': 5.16445826816024, 'rsm': 0.9, 'use_best_model': True, 'nan_mode': 'Forbidden', 'early_stopping_rounds': 200}",47.32168736692984
-0.0006705406822974801,"{'bagging_temperature': 1.1598150101028102, 'depth': 2.0, 'eval_metric': 'Accuracy', 'iterations': 1700.0, 'l2_leaf_reg': 22.772656354608127, 'learning_rate': 0.015468303728314573, 'loss_function': 'Logloss', 'random_strength': 3.9232242018788575, 'rsm': 0.9500000000000001, 'use_best_model': True, 'nan_mode': 'Forbidden', 'early_stopping_rounds': 200}",13.94693090103101
0.0010246048548894144,"{'bagging_temperature': 0.82029211731452, 'depth': 3.0, 'eval_metric': 'Accuracy', 'iterations': 1950.0, 'l2_leaf_reg': 64.48730298389808, 'learning_rate': 0.012493655220136677, 'loss_function': 'Logloss', 'random_strength': 0.5729317119427468, 'rsm': 0.55, 'use_best_model': True, 'nan_mode': 'Forbidden', 'early_stopping_rounds': 200}",14.078182336990722
-0.013987064651003576,"{'bagging_temperature': 1.50198810857171, 'depth': 2.0, 'eval_metric': 'Accuracy', 'iterations': 1950.0, 'l2_leaf_reg': 47.86613032693884, 'learning_rate': 0.01113297522786428, 'loss_function': 'Logloss', 'random_strength': 1.3832422406567844, 'rsm': 0.9, 'use_best_model': True, 'nan_mode': 'Forbidden', 'early_stopping_rounds': 200}",13.828330204938538
-0.009945141368651558,"{'bagging_temperature': 0.2899708884601155, 'depth': 3.0, 'eval_metric': 'Accuracy', 'iterations': 1700.0, 'l2_leaf_reg': 30.135526343462068, 'learning_rate': 0.6355132167404639, 'loss_function': 'Logloss', 'random_strength': 5.982880527300621, 'rsm': 1.0, 'use_best_model': True, 'nan_mode': 'Forbidden', 'early_stopping_rounds': 200}",15.056301736971363
-0.0246185873238346,"{'bagging_temperature': 0.5287055264167408, 'depth': 8.0, 'eval_metric': 'Accuracy', 'iterations': 1400.0, 'l2_leaf_reg': 19.513263654205915, 'learning_rate': 0.029187949812242747, 'loss_function': 'Logloss', 'random_strength': 7.514845179133807, 'rsm': 1.0, 'use_best_model': True, 'nan_mode': 'Forbidden', 'early_stopping_rounds': 200}",53.82716415100731
-0.014840157243620805,"{'bagging_temperature': 1.0017642772107143, 'depth': 2.0, 'eval_metric': 'Accuracy', 'iterations': 1850.0, 'l2_leaf_reg': 83.04492481675457, 'learning_rate': 0.04279680904770904, 'loss_function': 'Logloss', 'random_strength': 1.0313999898513149, 'rsm': 0.8, 'use_best_model': True, 'nan_mode': 'Forbidden', 'early_stopping_rounds': 200}",52.96915417094715
-0.021586535387229523,"{'bagging_temperature': 0.39341277702296745, 'depth': 4.0, 'eval_metric': 'Accuracy', 'iterations': 1550.0, 'l2_leaf_reg': 41.07781685290872, 'learning_rate': 0.06326706369983431, 'loss_function': 'Logloss', 'random_strength': 4.810626547417538, 'rsm': 0.75, 'use_best_model': True, 'nan_mode': 'Forbidden', 'early_stopping_rounds': 200}",38.944544024067
-0.015482612292504703,"{'bagging_temperature': 1.3693427828689166, 'depth': 6.0, 'eval_metric': 'Accuracy', 'iterations': 1750.0, 'l2_leaf_reg': 13.277710524576383, 'learning_rate': 0.03368692399970822, 'loss_function': 'Logloss', 'random_strength': 2.9607919930651194, 'rsm': 0.65, 'use_best_model': True, 'nan_mode': 'Forbidden', 'early_stopping_rounds': 200}",45.19013117591385
-0.010997667521100745,"{'bagging_temperature': 0.10011014430142907, 'depth': 3.0, 'eval_metric': 'Accuracy', 'iterations': 1650.0, 'l2_leaf_reg': 54.574711882632734, 'learning_rate': 0.07345319604610386, 'loss_function': 'Logloss', 'random_strength': 6.950678864160187, 'rsm': 0.6000000000000001, 'use_best_model': True, 'nan_mode': 'Forbidden', 'early_stopping_rounds': 200}",29.89677724801004
-0.011984645864092229,"{'bagging_temperature': 0.4364860312112988, 'depth': 2.0, 'eval_metric': 'Accuracy', 'iterations': 1850.0, 'l2_leaf_reg': 96.83065140498584, 'learning_rate': 0.017134115944170827, 'loss_function': 'Logloss', 'random_strength': 2.416562699376082, 'rsm': 0.7000000000000001, 'use_best_model': True, 'nan_mode': 'Forbidden', 'early_stopping_rounds': 200}",13.879240486887284
-0.00015722047990502974,"{'bagging_temperature': 1.7374434927036653, 'depth': 2.0, 'eval_metric': 'Accuracy', 'iterations': 2000.0, 'l2_leaf_reg': 71.82714809290755, 'learning_rate': 0.019375445452052956, 'loss_function': 'Logloss', 'random_strength': 3.531984741507948, 'rsm': 0.8, 'use_best_model': True, 'nan_mode': 'Forbidden', 'early_stopping_rounds': 200}",13.721546510932967
-0.005697399981563791,"{'bagging_temperature': 0.19365010998906135, 'depth': 3.0, 'eval_metric': 'Accuracy', 'iterations': 1300.0, 'l2_leaf_reg': 33.788375061594834, 'learning_rate': 0.02254415930771622, 'loss_function': 'Logloss', 'random_strength': 1.7365311367512244, 'rsm': 0.9500000000000001, 'use_best_model': True, 'nan_mode': 'Forbidden', 'early_stopping_rounds': 200}",42.238553368952125
-0.006931807886665712,"{'bagging_temperature': 0.2577006181534013, 'depth': 5.0, 'eval_metric': 'Accuracy', 'iterations': 1150.0, 'l2_leaf_reg': 54.28421647359137, 'learning_rate': 0.05659474233962833, 'loss_function': 'Logloss', 'random_strength': 4.136205139279083, 'rsm': 0.75, 'use_best_model': True, 'nan_mode': 'Forbidden', 'early_stopping_rounds': 200}",29.009690906037576
-0.01879660214341195,"{'bagging_temperature': 0.7390988905197594, 'depth': 4.0, 'eval_metric': 'Logloss', 'iterations': 1350.0, 'l2_leaf_reg': 11.813702556282088, 'learning_rate': 0.04568286669695417, 'loss_function': 'Logloss', 'random_strength': 9.934850982992728, 'rsm': 1.0, 'use_best_model': True, 'nan_mode': 'Forbidden', 'early_stopping_rounds': 200}",42.19686648901552
-0.010555323176693707,"{'bagging_temperature': 0.6501876496142324, 'depth': 2.0, 'eval_metric': 'Accuracy', 'iterations': 1900.0, 'l2_leaf_reg': 4.161416528114949, 'learning_rate': 0.012981295363951385, 'loss_function': 'Logloss', 'random_strength': 1.8752674406634937, 'rsm': 0.5, 'use_best_model': True, 'nan_mode': 'Forbidden', 'early_stopping_rounds': 200}",13.678848781972192
-0.011320278322946202,"{'bagging_temperature': 0.356323125570018, 'depth': 3.0, 'eval_metric': 'Accuracy', 'iterations': 1400.0, 'l2_leaf_reg': 26.311675452320284, 'learning_rate': 0.4683656086784052, 'loss_function': 'Logloss', 'random_strength': 0.8546221347132011, 'rsm': 0.8, 'use_best_model': True, 'nan_mode': 'Forbidden', 'early_stopping_rounds': 200}",16.797840008046478
-0.0006705406822974801,"{'bagging_temperature': 0.9133718068442026, 'depth': 2.0, 'eval_metric': 'Accuracy', 'iterations': 1800.0, 'l2_leaf_reg': 1.2519349172879894, 'learning_rate': 0.016033801519248724, 'loss_function': 'Logloss', 'random_strength': 1.399836871711893, 'rsm': 0.9, 'use_best_model': True, 'nan_mode': 'Forbidden', 'early_stopping_rounds': 200}",14.160845987964422
-0.008278344478581046,"{'bagging_temperature': 2.2108353134622973, 'depth': 3.0, 'eval_metric': 'Logloss', 'iterations': 1750.0, 'l2_leaf_reg': 43.03148089484084, 'learning_rate': 0.039266753451222595, 'loss_function': 'Logloss', 'random_strength': 8.70106215652138, 'rsm': 0.9500000000000001, 'use_best_model': True, 'nan_mode': 'Forbidden', 'early_stopping_rounds': 200}",34.197220935020596
-0.01999526004046666,"{'bagging_temperature': 0.14685551584650514, 'depth': 7.0, 'eval_metric': 'Accuracy', 'iterations': 1600.0, 'l2_leaf_reg': 74.24317950861445, 'learning_rate': 0.10143663174739874, 'loss_function': 'Logloss', 'random_strength': 2.611104739500951, 'rsm': 1.0, 'use_best_model': True, 'nan_mode': 'Forbidden', 'early_stopping_rounds': 200}",23.449262151960284
-0.012484231953155804,"{'bagging_temperature': 1.1124134486817268, 'depth': 2.0, 'eval_metric': 'Accuracy', 'iterations': 1650.0, 'l2_leaf_reg': 19.988161856040442, 'learning_rate': 0.02834308708912398, 'loss_function': 'Logloss', 'random_strength': 5.406430350280928, 'rsm': 0.8500000000000001, 'use_best_model': True, 'nan_mode': 'Forbidden', 'early_stopping_rounds': 200}",47.97008357802406
-0.005569326177052223,"{'bagging_temperature': 0.3219490240894935, 'depth': 6.0, 'eval_metric': 'Accuracy', 'iterations': 1550.0, 'l2_leaf_reg': 10.233586154122527, 'learning_rate': 0.010111081672182142, 'loss_function': 'Logloss', 'random_strength': 4.417179468990634, 'rsm': 0.4, 'use_best_model': True, 'nan_mode': 'Forbidden', 'early_stopping_rounds': 200}",55.859493806026876
-0.010734116438659586,"{'bagging_temperature': 0.5095462251860383, 'depth': 3.0, 'eval_metric': 'Logloss', 'iterations': 1200.0, 'l2_leaf_reg': 50.133594778802326, 'learning_rate': 0.01948142648996444, 'loss_function': 'Logloss', 'random_strength': 3.1309003705929617, 'rsm': 0.9, 'use_best_model': True, 'nan_mode': 'Forbidden', 'early_stopping_rounds': 200}",38.81659965903964
-0.02682304824543048,"{'bagging_temperature': 2.490264587983815, 'depth': 4.0, 'eval_metric': 'Accuracy', 'iterations': 1950.0, 'l2_leaf_reg': 61.407669907339745, 'learning_rate': 0.18019165074642396, 'loss_function': 'Logloss', 'random_strength': 0.7466293655661097, 'rsm': 0.6000000000000001, 'use_best_model': True, 'nan_mode': 'Forbidden', 'early_stopping_rounds': 200}",21.515937977004796
0.02164847193814955,"{'bagging_temperature': 7.675417253509794, 'depth': 8.0, 'eval_metric': 'Accuracy', 'iterations': 700.0, 'l2_leaf_reg': 23.101609604086267, 'learning_rate': 0.01173597598190136, 'loss_function': 'Logloss', 'random_strength': 0.35726379526385593, 'rsm': 0.8500000000000001, 'use_best_model': True, 'nan_mode': 'Forbidden', 'early_stopping_rounds': 200}",18.591718671028502
-0.030733142948265665,"{'bagging_temperature': 4.2458610064235325, 'depth': 8.0, 'eval_metric': 'Accuracy', 'iterations': 600.0, 'l2_leaf_reg': 15.237975777097617, 'learning_rate': 0.023723697463506423, 'loss_function': 'Logloss', 'random_strength': 0.4608662577567791, 'rsm': 0.7000000000000001, 'use_best_model': True, 'nan_mode': 'Forbidden', 'early_stopping_rounds': 200}",35.73667105298955
-0.03271091733005044,"{'bagging_temperature': 9.53630688800042, 'depth': 7.0, 'eval_metric': 'Logloss', 'iterations': 450.0, 'l2_leaf_reg': 8.65074127914957, 'learning_rate': 0.013565486118246433, 'loss_function': 'Logloss', 'random_strength': 0.1779683990702954, 'rsm': 0.45, 'use_best_model': True, 'nan_mode': 'Forbidden', 'early_stopping_rounds': 200}",24.6589686779771
-0.00862676805320708,"{'bagging_temperature': 1.3120742439874664, 'depth': 7.0, 'eval_metric': 'Accuracy', 'iterations': 300.0, 'l2_leaf_reg': 23.662653197455228, 'learning_rate': 0.011173271869149187, 'loss_function': 'Logloss', 'random_strength': 0.32884839770398006, 'rsm': 0.25, 'use_best_model': True, 'nan_mode': 'Forbidden', 'early_stopping_rounds': 200}",18.72777976701036
-0.012991653052288301,"{'bagging_temperature': 3.0834750153730437, 'depth': 6.0, 'eval_metric': 'Accuracy', 'iterations': 850.0, 'l2_leaf_reg': 2.9525137257670773, 'learning_rate': 0.03551200764100665, 'loss_function': 'Logloss', 'random_strength': 0.27009892167665295, 'rsm': 0.8, 'use_best_model': True, 'nan_mode': 'Forbidden', 'early_stopping_rounds': 200}",37.09927487105597
-0.020655693203835538,"{'bagging_temperature': 1.7801378573360807, 'depth': 8.0, 'eval_metric': 'Accuracy', 'iterations': 750.0, 'l2_leaf_reg': 37.425964986486974, 'learning_rate': 0.031190267653624388, 'loss_function': 'Logloss', 'random_strength': 0.4012347333283408, 'rsm': 0.9, 'use_best_model': True, 'nan_mode': 'Forbidden', 'early_stopping_rounds': 200}",42.98704010795336
-0.029003336364303443,"{'bagging_temperature': 6.51566217313727, 'depth': 5.0, 'eval_metric': 'Accuracy', 'iterations': 500.0, 'l2_leaf_reg': 28.289404638663157, 'learning_rate': 0.021236741960195545, 'loss_function': 'Logloss', 'random_strength': 0.44363374725343874, 'rsm': 0.35000000000000003, 'use_best_model': True, 'nan_mode': 'Forbidden', 'early_stopping_rounds': 200}",14.672180999070406
